HELLO,WORLD
2.120000,2.140000
